Mut	ObsNum	ExpNum	MutSpec
T>G	2.9901780000000002	63.3137271289876	0.007146698247220393
T>C	130.16455164	98.39877891260393	0.2001747530482588
T>A	7.97307388	63.3137271289876	0.019056107403356823
G>T	5.97420084	40.08292309896984	0.0225541631035866
G>C	5.9642443400000005	40.08292309896984	0.022516574724662793
G>A	67.70921683	126.891121167749	0.08074633876808038
C>T	123.31610646	40.336383595283415	0.4626250331786054
C>G	8.95161758	23.631668294131885	0.057320955633374145
A>T	5.96830873	58.73441050420671	0.015376764029380971
A>G	79.66674419	109.67376583429959	0.10992098123730576
A>C	0.99426657	58.73441050420671	0.0025616306261676907
C>A	0.0	23.631668294131885	0.0
