Mut	ObsNum	ExpNum	MutSpec
T>G	0.99814034	66.67182299010558	0.004271181412715078
T>C	56.66145396	66.67182299010558	0.2424622463123404
T>A	5.98834263	66.67182299010558	0.025624951431404253
G>C	0.99429977	40.93962176543742	0.006929026989070217
G>A	12.94255488	40.93962176543742	0.09019343539729717
C>T	32.70671871	21.429377195319898	0.435437839572308
C>G	8.98054981	21.429377195319898	0.1195617096936809
A>G	14.94277373	56.4508162955446	0.07551960919118393
A>C	0.0	56.4508162955446	0.0
C>A	0.0	21.429377195319898	0.0
G>T	0.0	40.93962176543742	0.0
A>T	0.0	56.4508162955446	0.0
