Mut	ObsNum	ExpNum	MutSpec
T>C	28.26561616	103.50527287272769	0.20822112864701153
T>A	2.99374943	66.67182299010558	0.03423749105328771
G>C	0.99429977	40.93962176543742	0.018518351650130292
G>A	10.94780939	132.53557462953017	0.06298303375317076
C>T	23.65939334	36.93658596316188	0.48840001324304455
C>G	1.9880995399999999	21.429377195319898	0.07073875131419359
A>G	15.90481323	103.73810380152295	0.11690123033916161
A>T	0.0	56.4508162955446	0.0
C>A	0.0	21.429377195319898	0.0
G>T	0.0	40.93962176543742	0.0
A>C	0.0	56.4508162955446	0.0
T>G	0.0	66.67182299010558	0.0
