Mut	ObsNum	ExpNum	MutSpec
T>G	1.9883653	63.337180019293186	0.004944281972298758
T>C	92.38878512	63.337180019293186	0.22973454863218534
T>A	8.94306753	63.337180019293186	0.022237889368532725
G>T	6.97091208	40.078840037832826	0.027393040524476345
G>C	3.98378073	40.078840037832826	0.015654747287749175
G>A	18.90145806	40.078840037832826	0.07427556117007719
C>T	64.66143856	23.613922383811268	0.43126380403743914
C>G	9.95177985	23.613922383811268	0.0663740635938944
A>T	6.97055513	58.73357417498278	0.018691610157213656
A>G	39.81504339	58.73357417498278	0.1067644191257442
A>C	0.99422884	58.73357417498278	0.0026660341303890887
C>A	0.0	23.613922383811268	0.0
