Mut	ObsNum	ExpNum	MutSpec
T>C	16.81390312	98.42533300086302	0.11659089779202204
T>A	2.98704326	63.337180019293186	0.03218739189181017
G>T	0.99435645	40.078840037832826	0.01693284566922605
G>C	0.9942143	40.078840037832826	0.01693042500406933
G>A	12.92176278	126.8998400462774	0.06949662077897686
C>T	28.82245696	40.31126221029283	0.48798626806523016
C>G	4.97620154	23.613922383811268	0.14382448529372244
A>T	1.99126687	58.73357417498278	0.02313907728102468
A>G	14.92969889	109.66859855760023	0.09291198822391832
T>G	0.0	63.337180019293186	0.0
A>C	0.0	58.73357417498278	0.0
C>A	0.0	23.613922383811268	0.0
