Mut	ObsNum	ExpNum	MutSpec
T>G	1.9883653	63.337180019293186	0.004787894409642761
T>C	137.09060981	98.42533300086302	0.21242612520305182
T>A	8.94306753	63.337180019293186	0.02153450527020598
G>T	6.97091208	40.078840037832826	0.026526599074461702
G>C	3.98378073	40.078840037832826	0.015159587872076039
G>A	68.68352152	126.8998400462774	0.08254648622421783
C>T	117.36709567	40.31126221029283	0.44404509063358394
C>G	9.95177985	23.613922383811268	0.06427465298439042
A>T	6.97055513	58.73357417498278	0.018100394815738368
A>G	77.67247003	109.66859855760023	0.10801695600073695
A>C	0.99422884	58.73357417498278	0.002581707511894189
C>A	0.0	23.613922383811268	0.0
