Mut	ObsNum	ExpNum	MutSpec
T>G	0.99814034	66.67182299010558	0.005048824338396383
T>C	76.59410878	103.50527287272769	0.24955936701488712
T>A	5.98834263	66.67182299010558	0.030290419899270487
G>C	0.99429977	40.93962176543742	0.008190576967693129
G>A	22.915737	132.53557462953017	0.05830990672449258
C>T	45.98802707	36.93658596316188	0.4198836945213686
C>G	8.98054981	21.429377195319898	0.14133000018325537
A>G	26.88098622	103.73810380152295	0.08738721035063636
A>C	0.0	56.4508162955446	0.0
C>A	0.0	21.429377195319898	0.0
G>T	0.0	40.93962176543742	0.0
A>T	0.0	56.4508162955446	0.0
