Mut	ObsNum	ExpNum	MutSpec
T>C	19.9548721	66.67182299010558	0.19212740353068064
T>A	2.99374943	66.67182299010558	0.028824103804070744
G>C	0.99429977	40.93962176543742	0.015590362314016106
G>A	5.96653689	40.93962176543742	0.09355374976607192
C>T	17.35632172	21.429377195319898	0.5199131925404094
C>G	1.9880995399999999	21.429377195319898	0.05955404581711794
A>G	7.95306188	56.4508162955446	0.09043714222763329
A>T	0.0	56.4508162955446	0.0
C>A	0.0	21.429377195319898	0.0
G>T	0.0	40.93962176543742	0.0
A>C	0.0	56.4508162955446	0.0
T>G	0.0	66.67182299010558	0.0
