Mut	ObsNum	ExpNum	MutSpec
T>C	7.93324121	63.337180019293186	0.09331138381013102
T>A	2.98704326	63.337180019293186	0.0351338290004326
G>T	0.99435645	40.078840037832826	0.018482880074066378
G>C	0.9942143	40.078840037832826	0.018480237820976426
G>A	0.9971116	40.078840037832826	0.01853409219929176
C>T	16.89266098	23.613922383811268	0.5329330192828281
C>G	4.97620154	23.613922383811268	0.1569901932212967
A>T	1.99126687	58.73357417498278	0.025257230755194194
A>G	7.9531005	58.73357417498278	0.10087713383578281
T>G	0.0	63.337180019293186	0.0
A>C	0.0	58.73357417498278	0.0
C>A	0.0	23.613922383811268	0.0
