Mut	ObsNum	ExpNum	MutSpec
T>G	0.99601316	66.70529085939235	0.005137970622910399
T>C	80.5053015	103.53464447443795	0.26756272268536924
T>A	6.97485045	66.70529085939235	0.03598002330741632
G>C	0.9939455	40.93528708509161	0.008355098103734663
G>A	20.01438552	132.50929011663192	0.051973594765546666
C>T	44.332619113999996	36.89127964951001	0.4135104526642486
C>G	7.98380293	21.385700616904288	0.12846154708425525
A>G	26.8368616	103.73799121366966	0.08901859076651893
A>T	0.0	56.444380794891956	0.0
G>T	0.0	40.93528708509161	0.0
A>C	0.0	56.444380794891956	0.0
C>A	0.0	21.385700616904288	0.0
